{
  "total_revenue": 54706.159999999996,
  "total_cost": 31494.01,
  "roi": 73.70338042059427,
  "roas": 1.7370338042059426,
  "total_influencers": 50,
  "total_posts": 200,
  "total_orders": 500,
  "avg_order_value": 109.41232
}